symbol,price,quantity,side,ask_inclusive_of_buy_spread,buy_spread,timestamp
LTC-USD,112.075,1,ask,112.13,0.00049074,2024-12-11T06:04:10.346212817-05:00
LTC-USD,112.055,1,ask,112.12,0.00058007,2024-12-11T06:05:11.168364191-05:00
LTC-USD,112,1,ask,112.06,0.00053571,2024-12-11T06:06:12.037030891-05:00
LTC-USD,111.945,1,ask,112.01,0.00058064,2024-12-11T06:07:12.871262519-05:00
LTC-USD,111.84,1,ask,111.87,0.00026824,2024-12-11T06:08:13.75207941-05:00
LTC-USD,111.83,1,ask,111.85,0.00017884,2024-12-11T06:09:14.589569569-05:00
LTC-USD,111.815,1,ask,111.82,0.00004472,2024-12-11T06:10:15.389580434-05:00
LTC-USD,111.83,1,ask,111.85,0.00017884,2024-12-11T06:11:16.191605061-05:00
LTC-USD,111.845,1,ask,111.88,0.00031293,2024-12-11T06:12:16.985433962-05:00
LTC-USD,111.85,1,ask,111.89,0.00035762,2024-12-11T06:13:17.813866235-05:00
LTC-USD,111.86,1,ask,111.92,0.00053638,2024-12-11T06:14:18.638730043-05:00
LTC-USD,112.025,1,ask,112.08,0.00049096,2024-12-11T06:15:19.477983528-05:00
LTC-USD,112.14,1,ask,112.2,0.00053505,2024-12-11T06:16:20.333975539-05:00
LTC-USD,112.4,1,ask,112.46,0.00053381,2024-12-11T06:17:21.089727151-05:00
LTC-USD,112.545,1,ask,112.62,0.0006664,2024-12-11T06:18:21.931626248-05:00
LTC-USD,112.655,1,ask,112.72,0.00057698,2024-12-11T06:19:22.820851768-05:00
LTC-USD,112.61,1,ask,112.68,0.00062161,2024-12-11T06:20:23.657055749-05:00
LTC-USD,112.49,1,ask,112.55,0.00053338,2024-12-11T06:21:24.524592308-05:00
LTC-USD,112.45,1,ask,112.52,0.0006225,2024-12-11T06:22:25.327857301-05:00
LTC-USD,112.255,1,ask,112.32,0.00057904,2024-12-11T06:23:26.170207412-05:00
LTC-USD,112.615,1,ask,112.68,0.00057719,2024-12-11T06:24:27.043287443-05:00
LTC-USD,112.5,1,ask,112.57,0.00062222,2024-12-11T06:25:27.875276241-05:00
LTC-USD,112.575,1,ask,112.64,0.00057739,2024-12-11T06:26:28.73428917-05:00
LTC-USD,112.58,1,ask,112.65,0.00062178,2024-12-11T06:27:29.574084214-05:00
LTC-USD,112.675,1,ask,112.74,0.00057688,2024-12-11T06:28:30.457688468-05:00
LTC-USD,112.77,1,ask,112.82,0.00044338,2024-12-11T06:29:31.362712085-05:00
LTC-USD,112.765,1,ask,112.84,0.0006651,2024-12-11T06:30:32.201757813-05:00
LTC-USD,112.74,1,ask,112.81,0.0006209,2024-12-11T06:31:33.035798678-05:00
LTC-USD,112.795,1,ask,112.87,0.00066492,2024-12-11T06:32:33.866303688-05:00
LTC-USD,112.795,1,ask,112.86,0.00057627,2024-12-11T06:33:34.707238762-05:00
LTC-USD,112.86,1,ask,112.92,0.00053163,2024-12-11T06:34:35.535785963-05:00
LTC-USD,112.99,1,ask,113.06,0.00061952,2024-12-11T06:35:36.401562941-05:00
LTC-USD,112.995,1,ask,113.06,0.00057525,2024-12-11T06:36:38.228344157-05:00
LTC-USD,113.185,1,ask,113.24,0.00048593,2024-12-11T06:37:39.044645703-05:00
LTC-USD,112.785,1,ask,112.84,0.00048765,2024-12-11T06:38:39.851207938-05:00
LTC-USD,112.8,1,ask,112.86,0.00053191,2024-12-11T06:39:40.684925849-05:00
LTC-USD,112.625,1,ask,112.7,0.00066593,2024-12-11T06:40:41.507651367-05:00
LTC-USD,112.69,1,ask,112.74,0.0004437,2024-12-11T06:41:42.310041802-05:00
LTC-USD,112.585,1,ask,112.64,0.00048852,2024-12-11T06:42:43.142017636-05:00
LTC-USD,112.38,1,ask,112.42,0.00035594,2024-12-11T06:43:43.973080668-05:00
LTC-USD,112.39,1,ask,112.42,0.00026693,2024-12-11T06:44:44.821559206-05:00
LTC-USD,112.575,1,ask,112.62,0.00039973,2024-12-11T06:45:45.667011566-05:00
LTC-USD,112.425,1,ask,112.48,0.00048922,2024-12-11T06:46:46.573934077-05:00
LTC-USD,112.165,1,ask,112.22,0.00049035,2024-12-11T06:47:47.429820457-05:00
LTC-USD,112.2,1,ask,112.26,0.00053476,2024-12-11T06:48:48.2487315-05:00
LTC-USD,112.035,1,ask,112.09,0.00049092,2024-12-11T06:49:49.097585466-05:00
LTC-USD,112.185,1,ask,112.24,0.00049026,2024-12-11T06:50:49.948125581-05:00
LTC-USD,112.275,1,ask,112.34,0.00057894,2024-12-11T06:51:50.760665481-05:00
LTC-USD,112.355,1,ask,112.4,0.00040052,2024-12-11T06:52:51.582661589-05:00
LTC-USD,112.33,1,ask,112.38,0.00044512,2024-12-11T06:53:52.43441448-05:00
LTC-USD,112.365,1,ask,112.42,0.00048948,2024-12-11T06:54:53.288449294-05:00
LTC-USD,112.28,1,ask,112.34,0.00053438,2024-12-11T06:55:54.055891515-05:00
LTC-USD,112.505,1,ask,112.55,0.00039998,2024-12-11T06:56:54.866912097-05:00
LTC-USD,112.465,1,ask,112.52,0.00048904,2024-12-11T06:57:55.753942875-05:00
LTC-USD,112.485,1,ask,112.54,0.00048895,2024-12-11T06:58:56.593696602-05:00
LTC-USD,112.805,1,ask,112.87,0.00057622,2024-12-11T06:59:57.470415068-05:00
LTC-USD,113.0444172833,1,ask,113.7027256466,0.00582345,2024-12-11T07:00:58.331140263-05:00
LTC-USD,113.1620079722,1,ask,113.788767291,0.0055386,2024-12-11T07:01:59.18423352-05:00
LTC-USD,113.1090698955,1,ask,113.736504,0.00554716,2024-12-11T07:03:00.021799595-05:00
LTC-USD,113.1410498955,1,ask,113.768658291,0.00554713,2024-12-11T07:04:00.91368512-05:00
LTC-USD,113.2790698955,1,ask,113.9074305,0.00554701,2024-12-11T07:05:01.840038478-05:00
LTC-USD,113.2160771455,1,ask,113.849094291,0.00559123,2024-12-11T07:06:02.656586578-05:00
LTC-USD,113.4610498955,1,ask,114.090402291,0.00554686,2024-12-11T07:07:03.488546125-05:00
LTC-USD,113.342270935,1,ask,113.9677575,0.00551856,2024-12-11T07:08:04.311675245-05:00
LTC-USD,113.270065291,1,ask,113.899366791,0.00555576,2024-12-11T07:09:05.070547674-05:00
LTC-USD,113.325,1,ask,113.36,0.00030885,2024-12-11T07:10:05.868464624-05:00
LTC-USD,113.445,1,ask,113.48,0.00030852,2024-12-11T07:11:06.731685926-05:00
LTC-USD,113.345,1,ask,113.38,0.00030879,2024-12-11T07:12:07.627191783-05:00
LTC-USD,113.24,1,ask,113.27,0.00026492,2024-12-11T07:13:08.414965577-05:00
LTC-USD,113.37,1,ask,113.4,0.00026462,2024-12-11T07:14:09.236817521-05:00
LTC-USD,113.25,1,ask,113.3,0.0004415,2024-12-11T07:15:10.096072615-05:00
LTC-USD,113.085,1,ask,113.12,0.0003095,2024-12-11T07:16:10.928805262-05:00
LTC-USD,113.285,1,ask,113.32,0.00030896,2024-12-11T07:17:11.734050518-05:00
LTC-USD,113.5,1,ask,113.57,0.00061674,2024-12-11T07:18:12.552761049-05:00
LTC-USD,113.495,1,ask,113.55,0.0004846,2024-12-11T07:19:13.383301843-05:00
LTC-USD,113.52,1,ask,113.56,0.00035236,2024-12-11T07:20:14.246098543-05:00
LTC-USD,113.755,1,ask,113.77,0.00013186,2024-12-11T07:21:15.094113951-05:00
LTC-USD,113.885,1,ask,113.93,0.00039514,2024-12-11T07:22:15.951641091-05:00
LTC-USD,113.58,1,ask,113.62,0.00035217,2024-12-11T07:23:16.737284028-05:00
LTC-USD,113.66,1,ask,113.7,0.00035193,2024-12-11T07:24:17.778841739-05:00
LTC-USD,113.81,1,ask,113.85,0.00035146,2024-12-11T07:25:18.549788889-05:00
LTC-USD,113.89,1,ask,113.92,0.00026341,2024-12-11T07:26:19.301865698-05:00
LTC-USD,114,1,ask,114.07,0.00061404,2024-12-11T07:27:20.113190008-05:00
LTC-USD,113.86,1,ask,113.88,0.00017565,2024-12-11T07:28:20.963291322-05:00
LTC-USD,114.07,1,ask,114.11,0.00035066,2024-12-11T07:29:21.80003498-05:00
LTC-USD,114.115,1,ask,114.12,0.00004382,2024-12-11T07:30:22.621680503-05:00
LTC-USD,114.105,1,ask,114.15,0.00039437,2024-12-11T07:31:23.413894938-05:00
LTC-USD,114.26,1,ask,114.28,0.00017504,2024-12-11T07:32:24.197553687-05:00
LTC-USD,114.315,1,ask,114.34,0.00021869,2024-12-11T07:33:24.972416515-05:00
LTC-USD,114.23,1,ask,114.25,0.00017509,2024-12-11T07:34:25.727367922-05:00
LTC-USD,114.205,1,ask,114.24,0.00030647,2024-12-11T07:35:26.510230912-05:00
LTC-USD,114.235,1,ask,114.26,0.00021885,2024-12-11T07:36:27.298894735-05:00
LTC-USD,114.47,1,ask,114.49,0.00017472,2024-12-11T07:37:28.142342683-05:00
LTC-USD,114.32,1,ask,114.38,0.00052484,2024-12-11T07:38:28.911029085-05:00
LTC-USD,114.515,1,ask,114.57,0.00048029,2024-12-11T07:39:29.78664659-05:00
LTC-USD,114.425,1,ask,114.45,0.00021848,2024-12-11T07:40:30.589803535-05:00
LTC-USD,114.33,1,ask,114.38,0.00043733,2024-12-11T07:41:31.36434023-05:00
LTC-USD,114.46,1,ask,114.48,0.00017473,2024-12-11T07:42:32.160858389-05:00
LTC-USD,114.31,1,ask,114.33,0.00017496,2024-12-11T07:43:32.989563942-05:00
LTC-USD,114.28,1,ask,114.3,0.00017501,2024-12-11T07:44:33.808930285-05:00
LTC-USD,114.185,1,ask,114.24,0.00048167,2024-12-11T07:45:34.607454381-05:00
LTC-USD,114.33,1,ask,114.36,0.0002624,2024-12-11T07:46:35.395007503-05:00
LTC-USD,114.275,1,ask,114.29,0.00013126,2024-12-11T07:47:36.185576016-05:00
LTC-USD,114.135,1,ask,114.16,0.00021904,2024-12-11T07:48:37.068482659-05:00
LTC-USD,114.12,1,ask,114.14,0.00017525,2024-12-11T07:49:37.988475342-05:00
LTC-USD,113.95,1,ask,113.97,0.00017552,2024-12-11T07:50:38.742770716-05:00
LTC-USD,113.97,1,ask,113.99,0.00017548,2024-12-11T07:51:39.587120913-05:00
LTC-USD,114.13,1,ask,114.18,0.0004381,2024-12-11T07:52:40.406138941-05:00
LTC-USD,113.815,1,ask,113.82,0.00004393,2024-12-11T07:53:41.18716876-05:00
LTC-USD,114.11,1,ask,114.14,0.0002629,2024-12-11T07:54:41.99108078-05:00
LTC-USD,113.995,1,ask,114.05,0.00048248,2024-12-11T07:55:42.771167512-05:00
LTC-USD,114.025,1,ask,114.03,0.00004385,2024-12-11T07:56:43.571806208-05:00
LTC-USD,114.09,1,ask,114.12,0.00026295,2024-12-11T07:57:44.408712874-05:00
LTC-USD,114.125,1,ask,114.16,0.00030668,2024-12-11T07:58:45.285312247-05:00
LTC-USD,114.12,1,ask,114.16,0.00035051,2024-12-11T07:59:46.130824598-05:00
LTC-USD,114.1,1,ask,114.14,0.00035057,2024-12-11T08:00:47.005679215-05:00
LTC-USD,114.2,1,ask,114.24,0.00035026,2024-12-11T08:01:47.912843735-05:00
LTC-USD,113.98,1,ask,114.02,0.00035094,2024-12-11T08:02:48.741763889-05:00
LTC-USD,113.895,1,ask,113.94,0.0003951,2024-12-11T08:03:49.654573696-05:00
LTC-USD,113.615,1,ask,113.65,0.00030806,2024-12-11T08:04:50.533424087-05:00
LTC-USD,114.09,1,ask,114.13,0.0003506,2024-12-11T08:05:51.363450972-05:00
LTC-USD,114.085,1,ask,114.13,0.00039444,2024-12-11T08:06:52.157316908-05:00
LTC-USD,114.175,1,ask,114.22,0.00039413,2024-12-11T08:07:53.012661096-05:00
LTC-USD,114.31,1,ask,114.35,0.00034993,2024-12-11T08:08:53.86365683-05:00
LTC-USD,114.005,1,ask,114.05,0.00039472,2024-12-11T08:09:54.766561177-05:00
LTC-USD,114.145,1,ask,114.19,0.00039424,2024-12-11T08:10:55.619125146-05:00
LTC-USD,114,1,ask,114.03,0.00026316,2024-12-11T08:11:56.365052774-05:00
LTC-USD,114.065,1,ask,114.1,0.00030684,2024-12-11T08:12:57.200559126-05:00
LTC-USD,113.805,1,ask,113.85,0.00039541,2024-12-11T08:13:58.006620332-05:00
LTC-USD,113.63,1,ask,113.68,0.00044002,2024-12-11T08:14:58.880096599-05:00
LTC-USD,113.195,1,ask,113.26,0.00057423,2024-12-11T08:15:59.774579821-05:00
LTC-USD,113.245,1,ask,113.3,0.00048567,2024-12-11T08:17:00.641692823-05:00
LTC-USD,113.09,1,ask,113.11,0.00017685,2024-12-11T08:18:01.506623562-05:00
LTC-USD,113.305,1,ask,113.35,0.00039716,2024-12-11T08:19:02.354301898-05:00
LTC-USD,113.205,1,ask,113.24,0.00030917,2024-12-11T08:20:03.224814459-05:00
LTC-USD,113.16,1,ask,113.21,0.00044185,2024-12-11T08:21:03.964277543-05:00
LTC-USD,113.235,1,ask,113.27,0.00030909,2024-12-11T08:22:04.780785525-05:00
LTC-USD,113.315,1,ask,113.36,0.00039712,2024-12-11T08:23:05.665351804-05:00
LTC-USD,113.345,1,ask,113.38,0.00030879,2024-12-11T08:24:06.541880619-05:00
LTC-USD,113.41,1,ask,113.46,0.00044088,2024-12-11T08:25:07.381626264-05:00
LTC-USD,113.415,1,ask,113.45,0.0003086,2024-12-11T08:26:08.229669397-05:00
LTC-USD,113.495,1,ask,113.55,0.0004846,2024-12-11T08:27:09.083376295-05:00
LTC-USD,113.435,1,ask,113.48,0.0003967,2024-12-11T08:28:09.846497124-05:00
LTC-USD,113.72,1,ask,113.76,0.00035174,2024-12-11T08:29:10.714555526-05:00
LTC-USD,114.37,1,ask,114.41,0.00034974,2024-12-11T08:30:11.510982676-05:00
LTC-USD,114.59,1,ask,114.67,0.00069814,2024-12-11T08:31:12.436778702-05:00
LTC-USD,114.675,1,ask,114.74,0.00056682,2024-12-11T08:32:13.279200993-05:00
LTC-USD,114.925,1,ask,115,0.0006526,2024-12-11T08:33:14.13890508-05:00
LTC-USD,114.77,1,ask,114.84,0.00060992,2024-12-11T08:34:14.975796847-05:00
LTC-USD,115.01,1,ask,115.09,0.00069559,2024-12-11T08:35:15.848052668-05:00
LTC-USD,115.06,1,ask,115.13,0.00060838,2024-12-11T08:36:16.718565586-05:00
LTC-USD,114.95,1,ask,115.02,0.00060896,2024-12-11T08:37:17.563839985-05:00
LTC-USD,114.87,1,ask,114.92,0.00043527,2024-12-11T08:38:18.437912244-05:00
LTC-USD,114.68,1,ask,114.74,0.00052319,2024-12-11T08:39:19.30590019-05:00
LTC-USD,113.835,1,ask,113.87,0.00030746,2024-12-11T08:40:20.162518387-05:00
LTC-USD,113.635,1,ask,113.72,0.00074801,2024-12-11T08:41:20.999043402-05:00
LTC-USD,113.995,1,ask,114.04,0.00039475,2024-12-11T08:42:21.838821703-05:00
LTC-USD,114.425,1,ask,114.52,0.00083024,2024-12-11T08:43:22.64254323-05:00
LTC-USD,114.325,1,ask,114.36,0.00030614,2024-12-11T08:44:23.441823764-05:00
LTC-USD,114.15,1,ask,114.21,0.00052562,2024-12-11T08:45:24.257862637-05:00
LTC-USD,114.225,1,ask,114.26,0.00030641,2024-12-11T08:46:25.106909323-05:00
LTC-USD,114.235,1,ask,114.27,0.00030639,2024-12-11T08:47:25.921616549-05:00
LTC-USD,114.24,1,ask,114.31,0.00061275,2024-12-11T08:48:26.693198224-05:00
LTC-USD,114.2,1,ask,114.27,0.00061296,2024-12-11T08:49:27.510211454-05:00
LTC-USD,114.055,1,ask,114.11,0.00048222,2024-12-11T08:50:28.324042706-05:00
LTC-USD,113.85,1,ask,113.91,0.00052701,2024-12-11T08:51:29.114215696-05:00
LTC-USD,113.815,1,ask,113.85,0.00030752,2024-12-11T08:52:29.902660743-05:00
LTC-USD,113.775,1,ask,113.81,0.00030762,2024-12-11T08:53:30.757753543-05:00
LTC-USD,113.97,1,ask,114.01,0.00035097,2024-12-11T08:54:31.501915995-05:00
LTC-USD,113.745,1,ask,113.78,0.00030771,2024-12-11T08:55:32.267194706-05:00
LTC-USD,113.96,1,ask,114,0.000351,2024-12-11T08:56:33.072605019-05:00
LTC-USD,114.33,1,ask,114.37,0.00034986,2024-12-11T08:57:33.894493677-05:00
LTC-USD,114.44,1,ask,114.48,0.00034953,2024-12-11T08:58:34.663523692-05:00
LTC-USD,114.655,1,ask,114.71,0.0004797,2024-12-11T08:59:43.305528043-05:00
LTC-USD,114.665,1,ask,114.71,0.00039245,2024-12-11T09:00:44.088563341-05:00
LTC-USD,114.39,1,ask,114.43,0.00034968,2024-12-11T09:01:44.914007404-05:00
LTC-USD,114.295,1,ask,114.35,0.00048121,2024-12-11T09:02:45.724972336-05:00
LTC-USD,114.12,1,ask,114.15,0.00026288,2024-12-11T09:03:46.555719762-05:00
LTC-USD,113.935,1,ask,113.99,0.00048273,2024-12-11T09:04:47.387186527-05:00
LTC-USD,114.18,1,ask,114.23,0.00043791,2024-12-11T09:05:48.165908389-05:00
LTC-USD,114.2,1,ask,114.25,0.00043783,2024-12-11T09:06:49.023343349-05:00
LTC-USD,113.97,1,ask,114.02,0.00043871,2024-12-11T09:07:49.845349625-05:00
LTC-USD,113.81,1,ask,113.84,0.0002636,2024-12-11T09:08:50.658988617-05:00
LTC-USD,113.63,1,ask,113.7,0.00061603,2024-12-11T09:09:51.521359989-05:00
LTC-USD,113.375,1,ask,113.43,0.00048512,2024-12-11T09:10:52.358704448-05:00
LTC-USD,113.39,1,ask,113.43,0.00035276,2024-12-11T09:11:53.173233381-05:00
LTC-USD,113.275,1,ask,113.32,0.00039726,2024-12-11T09:12:53.978508444-05:00
LTC-USD,113.16,1,ask,113.23,0.00061859,2024-12-11T09:13:54.83317389-05:00
LTC-USD,113.51,1,ask,113.56,0.00044049,2024-12-11T09:14:55.65999228-05:00
LTC-USD,113.36,1,ask,113.44,0.00070572,2024-12-11T09:15:56.462048852-05:00
LTC-USD,113.495,1,ask,113.53,0.00030838,2024-12-11T09:16:57.39296789-05:00
LTC-USD,113.245,1,ask,113.27,0.00022076,2024-12-11T09:17:58.221509548-05:00
LTC-USD,113.31,1,ask,113.35,0.00035301,2024-12-11T09:18:59.086899849-05:00
LTC-USD,113.515,1,ask,113.55,0.00030833,2024-12-11T09:19:59.878162433-05:00
LTC-USD,113.345,1,ask,113.39,0.00039702,2024-12-11T09:21:00.65359393-05:00
LTC-USD,113.515,1,ask,113.59,0.00066071,2024-12-11T09:22:01.512649077-05:00
LTC-USD,113.78,1,ask,113.81,0.00026367,2024-12-11T09:23:02.289369433-05:00
LTC-USD,113.85,1,ask,113.87,0.00017567,2024-12-11T09:24:03.062691684-05:00
LTC-USD,114.175,1,ask,114.21,0.00030655,2024-12-11T09:25:03.91489826-05:00
LTC-USD,114.26,1,ask,114.29,0.00026256,2024-12-11T09:26:04.697680977-05:00
LTC-USD,114.145,1,ask,114.17,0.00021902,2024-12-11T09:27:05.658547056-05:00
LTC-USD,113.74,1,ask,113.79,0.0004396,2024-12-11T09:28:06.449738148-05:00
LTC-USD,113.995,1,ask,114.07,0.00065792,2024-12-11T09:29:07.304842519-05:00
LTC-USD,114.01,1,ask,114.05,0.00035085,2024-12-11T09:30:08.133027182-05:00
LTC-USD,113.98,1,ask,113.99,0.00008773,2024-12-11T09:31:09.01594589-05:00
LTC-USD,114.03,1,ask,114.06,0.00026309,2024-12-11T09:32:09.843101939-05:00
LTC-USD,113.835,1,ask,113.88,0.00039531,2024-12-11T09:33:10.710983848-05:00
LTC-USD,114.36,1,ask,114.43,0.0006121,2024-12-11T09:34:11.559922135-05:00
LTC-USD,114.295,1,ask,114.33,0.00030623,2024-12-11T09:35:12.349808763-05:00
LTC-USD,114.565,1,ask,114.6,0.0003055,2024-12-11T09:36:13.19272405-05:00
LTC-USD,114.415,1,ask,114.44,0.0002185,2024-12-11T09:37:14.105282095-05:00
LTC-USD,114.415,1,ask,114.49,0.00065551,2024-12-11T09:38:14.919508524-05:00
LTC-USD,114.175,1,ask,114.18,0.00004379,2024-12-11T09:39:15.773502401-05:00
LTC-USD,114.145,1,ask,114.18,0.00030663,2024-12-11T09:40:16.621134971-05:00
LTC-USD,114.31,1,ask,114.35,0.00034993,2024-12-11T09:41:17.512500316-05:00
LTC-USD,113.91,1,ask,113.95,0.00035115,2024-12-11T09:42:18.355236147-05:00
LTC-USD,114.11,1,ask,114.15,0.00035054,2024-12-11T09:43:19.233561911-05:00
LTC-USD,114.175,1,ask,114.21,0.00030655,2024-12-11T09:44:20.121944201-05:00
LTC-USD,114.395,1,ask,114.43,0.00030596,2024-12-11T09:45:20.904825656-05:00
LTC-USD,114.755,1,ask,114.79,0.000305,2024-12-11T09:46:21.775146035-05:00
LTC-USD,114.905,1,ask,114.99,0.00073974,2024-12-11T09:47:22.65154168-05:00
LTC-USD,115.18,1,ask,115.21,0.00026046,2024-12-11T09:48:23.487062128-05:00
LTC-USD,114.98,1,ask,115.06,0.00069577,2024-12-11T09:49:24.321583395-05:00
LTC-USD,115.41,1,ask,115.43,0.0001733,2024-12-11T09:50:25.196560236-05:00
LTC-USD,115.595,1,ask,115.63,0.00030278,2024-12-11T09:51:26.048809756-05:00
LTC-USD,115.885,1,ask,115.89,0.00004315,2024-12-11T09:52:26.884648119-05:00
LTC-USD,115.845,1,ask,115.93,0.00073374,2024-12-11T09:53:27.720539105-05:00
LTC-USD,115.67,1,ask,115.75,0.00069162,2024-12-11T09:54:28.577866074-05:00
LTC-USD,116.15,1,ask,116.22,0.00060267,2024-12-11T09:55:29.374002672-05:00
LTC-USD,115.84,1,ask,115.88,0.0003453,2024-12-11T09:56:30.229790761-05:00
LTC-USD,115.93,1,ask,115.97,0.00034504,2024-12-11T09:57:31.119931613-05:00
LTC-USD,115.835,1,ask,115.84,0.00004316,2024-12-11T09:58:31.933326768-05:00
LTC-USD,115.855,1,ask,115.86,0.00004316,2024-12-11T09:59:32.755207416-05:00
LTC-USD,115.745,1,ask,115.8,0.00047518,2024-12-11T10:00:33.639126892-05:00
LTC-USD,115.73,1,ask,115.76,0.00025922,2024-12-11T10:01:34.496571419-05:00
LTC-USD,115.465,1,ask,115.47,0.0000433,2024-12-11T10:02:35.361705895-05:00
LTC-USD,115.685,1,ask,115.69,0.00004322,2024-12-11T10:03:36.198520599-05:00
LTC-USD,115.935,1,ask,115.94,0.00004313,2024-12-11T10:04:37.022426355-05:00
LTC-USD,116.42,1,ask,116.44,0.00017179,2024-12-11T10:05:37.934204737-05:00
LTC-USD,116.405,1,ask,116.42,0.00012886,2024-12-11T10:06:38.807894473-05:00
LTC-USD,116.5,1,ask,116.52,0.00017167,2024-12-11T10:07:39.688617541-05:00
LTC-USD,116.405,1,ask,116.43,0.00021477,2024-12-11T10:08:40.563773111-05:00
LTC-USD,116.225,1,ask,116.3,0.0006453,2024-12-11T10:09:41.350111962-05:00
LTC-USD,116.455,1,ask,116.49,0.00030055,2024-12-11T10:10:42.243368673-05:00
LTC-USD,116.655,1,ask,116.69,0.00030003,2024-12-11T10:11:43.119902744-05:00
LTC-USD,116.945,1,ask,116.96,0.00012827,2024-12-11T10:12:43.914413609-05:00
LTC-USD,117.475,1,ask,117.53,0.00046818,2024-12-11T10:13:44.695315977-05:00
LTC-USD,117.115,1,ask,117.16,0.00038424,2024-12-11T10:14:45.579403979-05:00
LTC-USD,117.395,1,ask,117.42,0.00021296,2024-12-11T10:15:46.432526884-05:00
LTC-USD,116.92,1,ask,116.97,0.00042764,2024-12-11T10:16:47.197496323-05:00
LTC-USD,116.6,1,ask,116.64,0.00034305,2024-12-11T10:17:48.042305909-05:00
LTC-USD,116.98,1,ask,117.03,0.00042742,2024-12-11T10:18:48.915954238-05:00
LTC-USD,117.085,1,ask,117.14,0.00046974,2024-12-11T10:19:49.732164697-05:00
LTC-USD,117.09,1,ask,117.15,0.00051243,2024-12-11T10:20:50.562590863-05:00
LTC-USD,117.61,1,ask,117.66,0.00042513,2024-12-11T10:21:51.433844956-05:00
LTC-USD,117.375,1,ask,117.41,0.00029819,2024-12-11T10:22:52.305387299-05:00
LTC-USD,117.735,1,ask,117.74,0.00004247,2024-12-11T10:23:53.14962017-05:00
LTC-USD,117.985,1,ask,117.99,0.00004238,2024-12-11T10:24:53.949237223-05:00
LTC-USD,118.07,1,ask,118.11,0.00033878,2024-12-11T10:25:54.728167826-05:00
LTC-USD,118.15,1,ask,118.24,0.00076174,2024-12-11T10:26:55.62011805-05:00
LTC-USD,118.335,1,ask,118.35,0.00012676,2024-12-11T10:27:56.474670557-05:00
LTC-USD,118.135,1,ask,118.14,0.00004232,2024-12-11T10:28:57.295176008-05:00
LTC-USD,118.17,1,ask,118.17,0,2024-12-11T10:29:58.12242027-05:00
LTC-USD,118.045,1,ask,118.08,0.0002965,2024-12-11T10:30:58.969779251-05:00
LTC-USD,117.83,1,ask,117.87,0.00033947,2024-12-11T10:32:02.878616713-05:00
LTC-USD,117.49,1,ask,117.55,0.00051068,2024-12-11T10:33:03.701566589-05:00
LTC-USD,118.115,1,ask,118.12,0.00004233,2024-12-11T10:34:04.520908914-05:00
LTC-USD,118.345,1,ask,118.35,0.00004225,2024-12-11T10:35:05.368313211-05:00
LTC-USD,118.255,1,ask,118.32,0.00054966,2024-12-11T10:36:06.204445673-05:00
LTC-USD,117.85,1,ask,117.91,0.00050912,2024-12-11T10:37:07.043449572-05:00
LTC-USD,117.525,1,ask,117.59,0.00055307,2024-12-11T10:38:07.898296956-05:00
LTC-USD,117.805,1,ask,117.86,0.00046687,2024-12-11T10:39:08.740323368-05:00
LTC-USD,117.765,1,ask,117.83,0.00055195,2024-12-11T10:40:09.581660858-05:00
LTC-USD,117.925,1,ask,117.96,0.0002968,2024-12-11T10:41:10.369445534-05:00
LTC-USD,117.35,1,ask,117.39,0.00034086,2024-12-11T10:42:11.243786502-05:00
LTC-USD,117.44,1,ask,117.52,0.0006812,2024-12-11T10:43:12.077093639-05:00
LTC-USD,117.175,1,ask,117.23,0.00046938,2024-12-11T10:44:12.872761397-05:00
LTC-USD,117.155,1,ask,117.2,0.00038411,2024-12-11T10:45:13.700206734-05:00
LTC-USD,117.1,1,ask,117.13,0.00025619,2024-12-11T10:46:14.583834884-05:00
LTC-USD,116.88,1,ask,116.93,0.00042779,2024-12-11T10:47:15.412679753-05:00
LTC-USD,117.06,1,ask,117.11,0.00042713,2024-12-11T10:48:16.213542713-05:00
LTC-USD,116.875,1,ask,116.94,0.00055615,2024-12-11T10:49:17.02154816-05:00
LTC-USD,116.915,1,ask,116.97,0.00047043,2024-12-11T10:50:17.808997201-05:00
LTC-USD,117.005,1,ask,117.07,0.00055553,2024-12-11T10:51:18.638901897-05:00
LTC-USD,117.125,1,ask,117.17,0.0003842,2024-12-11T10:52:19.406068853-05:00
LTC-USD,117.06,1,ask,117.11,0.00042713,2024-12-11T10:53:20.210649963-05:00
LTC-USD,116.92,1,ask,116.99,0.0005987,2024-12-11T10:54:20.991001229-05:00
LTC-USD,117.06,1,ask,117.12,0.00051256,2024-12-11T10:55:21.787619575-05:00
LTC-USD,116.96,1,ask,117.01,0.0004275,2024-12-11T10:56:22.717296884-05:00
LTC-USD,116.5,1,ask,116.56,0.00051502,2024-12-11T10:57:23.583614297-05:00
LTC-USD,116.59,1,ask,116.63,0.00034308,2024-12-11T10:58:24.428095407-05:00
LTC-USD,116.89,1,ask,116.94,0.00042775,2024-12-11T10:59:25.22440952-05:00
LTC-USD,116.915,1,ask,116.96,0.0003849,2024-12-11T11:00:26.072377359-05:00
LTC-USD,117.02,1,ask,117.08,0.00051273,2024-12-11T11:01:26.915482303-05:00
LTC-USD,117.055,1,ask,117.1,0.00038443,2024-12-11T11:02:27.765632163-05:00
LTC-USD,117.13,1,ask,117.2,0.00059763,2024-12-11T11:03:28.633748644-05:00
LTC-USD,117.025,1,ask,117.08,0.00046999,2024-12-11T11:04:29.491312571-05:00
LTC-USD,117.175,1,ask,117.23,0.00046938,2024-12-11T11:05:30.335312536-05:00
LTC-USD,117.57,1,ask,117.64,0.00059539,2024-12-11T11:06:31.184774659-05:00
LTC-USD,117.315,1,ask,117.37,0.00046882,2024-12-11T11:07:31.982546626-05:00
LTC-USD,117.18,1,ask,117.24,0.00051203,2024-12-11T11:08:32.889107261-05:00
LTC-USD,117.18,1,ask,117.19,0.00008534,2024-12-11T11:09:33.819203983-05:00
LTC-USD,117.46,1,ask,117.53,0.00059595,2024-12-11T11:10:34.651528163-05:00
LTC-USD,117.24,1,ask,117.29,0.00042648,2024-12-11T11:11:35.507085846-05:00
LTC-USD,116.82,1,ask,116.87,0.00042801,2024-12-11T11:12:36.292053029-05:00
LTC-USD,116.735,1,ask,116.74,0.00004283,2024-12-11T11:13:37.132615007-05:00
LTC-USD,116.495,1,ask,116.54,0.00038628,2024-12-11T11:14:37.993048406-05:00
LTC-USD,116.835,1,ask,116.88,0.00038516,2024-12-11T11:15:38.755861257-05:00
LTC-USD,116.8,1,ask,116.87,0.00059932,2024-12-11T11:16:39.597269881-05:00
LTC-USD,116.955,1,ask,117.01,0.00047027,2024-12-11T11:17:40.436794906-05:00
LTC-USD,116.745,1,ask,116.8,0.00047111,2024-12-11T11:18:41.352835097-05:00
LTC-USD,117.055,1,ask,117.08,0.00021357,2024-12-11T11:19:42.207289018-05:00
LTC-USD,117.3,1,ask,117.35,0.00042626,2024-12-11T11:20:43.065527449-05:00
LTC-USD,117.445,1,ask,117.48,0.00029801,2024-12-11T11:21:43.908790151-05:00
LTC-USD,117.35,1,ask,117.38,0.00025565,2024-12-11T11:22:44.677840907-05:00
LTC-USD,117.67,1,ask,117.71,0.00033993,2024-12-11T11:23:45.532720802-05:00
LTC-USD,117.455,1,ask,117.49,0.00029799,2024-12-11T11:24:46.397514292-05:00
LTC-USD,117.31,1,ask,117.37,0.00051147,2024-12-11T11:25:47.222084606-05:00
LTC-USD,117.475,1,ask,117.51,0.00029794,2024-12-11T11:26:48.049338514-05:00
LTC-USD,117.535,1,ask,117.57,0.00029778,2024-12-11T11:27:48.928386576-05:00
LTC-USD,117.565,1,ask,117.6,0.00029771,2024-12-11T11:28:49.774592261-05:00
LTC-USD,117.82,1,ask,117.87,0.00042438,2024-12-11T11:29:50.598405037-05:00
LTC-USD,117.795,1,ask,117.84,0.00038202,2024-12-11T11:30:51.385866375-05:00
LTC-USD,117.645,1,ask,117.67,0.0002125,2024-12-11T11:31:52.173268732-05:00
LTC-USD,117.465,1,ask,117.52,0.00046822,2024-12-11T11:32:52.990825704-05:00
LTC-USD,117.015,1,ask,117.07,0.00047003,2024-12-11T11:33:53.795320055-05:00
LTC-USD,117.35,1,ask,117.4,0.00042608,2024-12-11T11:34:54.61261064-05:00
LTC-USD,117.21,1,ask,117.25,0.00034127,2024-12-11T11:35:55.450254574-05:00
LTC-USD,117.45,1,ask,117.5,0.00042571,2024-12-11T11:36:56.257132644-05:00
LTC-USD,116.985,1,ask,117.04,0.00047015,2024-12-11T11:37:57.130171959-05:00
LTC-USD,117.235,1,ask,117.28,0.00038384,2024-12-11T11:38:57.921845864-05:00
LTC-USD,117.19,1,ask,117.26,0.00059732,2024-12-11T11:39:58.74567526-05:00
LTC-USD,116.775,1,ask,116.81,0.00029972,2024-12-11T11:40:59.592990983-05:00
LTC-USD,116.635,1,ask,116.71,0.00064303,2024-12-11T11:42:00.445846914-05:00
LTC-USD,116.725,1,ask,116.76,0.00029985,2024-12-11T11:43:01.301742459-05:00
LTC-USD,116.68,1,ask,116.73,0.00042852,2024-12-11T11:44:02.085952502-05:00
LTC-USD,116.95,1,ask,117,0.00042753,2024-12-11T11:45:02.974175219-05:00
LTC-USD,116.71,1,ask,116.77,0.00051409,2024-12-11T11:46:03.744921147-05:00
LTC-USD,116.73,1,ask,116.8,0.00059967,2024-12-11T11:47:04.545204496-05:00
LTC-USD,116.72,1,ask,116.77,0.00042838,2024-12-11T11:48:05.386503664-05:00
LTC-USD,116.605,1,ask,116.64,0.00030016,2024-12-11T11:49:06.137495148-05:00
LTC-USD,116.71,1,ask,116.76,0.00042841,2024-12-11T11:50:06.910889487-05:00
LTC-USD,116.94,1,ask,116.99,0.00042757,2024-12-11T11:51:07.716702379-05:00
LTC-USD,116.895,1,ask,116.93,0.00029941,2024-12-11T11:52:08.510087093-05:00
LTC-USD,116.975,1,ask,117.04,0.00055567,2024-12-11T11:53:09.381920073-05:00
LTC-USD,117.355,1,ask,117.39,0.00029824,2024-12-11T11:54:10.187750485-05:00
LTC-USD,117.655,1,ask,117.68,0.00021249,2024-12-11T11:55:11.043688953-05:00
LTC-USD,117.49,1,ask,117.54,0.00042557,2024-12-11T11:56:11.873046023-05:00
LTC-USD,117.04,1,ask,117.11,0.00059809,2024-12-11T11:57:12.685433377-05:00
LTC-USD,117.035,1,ask,117.07,0.00029906,2024-12-11T11:58:13.57833194-05:00
LTC-USD,117.01,1,ask,117.05,0.00034185,2024-12-11T11:59:14.419845027-05:00
LTC-USD,117.075,1,ask,117.13,0.00046978,2024-12-11T12:00:15.225607263-05:00
LTC-USD,117.115,1,ask,117.15,0.00029885,2024-12-11T12:01:16.113821114-05:00
LTC-USD,117.16,1,ask,117.2,0.00034141,2024-12-11T12:02:16.922452523-05:00
LTC-USD,117.175,1,ask,117.24,0.00055473,2024-12-11T12:03:17.702767151-05:00
LTC-USD,117.29,1,ask,117.3,0.00008526,2024-12-11T12:04:18.626009118-05:00
LTC-USD,117.645,1,ask,117.65,0.0000425,2024-12-11T12:05:19.502641984-05:00
LTC-USD,117.54,1,ask,117.58,0.00034031,2024-12-11T12:06:20.310121526-05:00
LTC-USD,117.52,1,ask,117.56,0.00034037,2024-12-11T12:07:21.114800341-05:00
LTC-USD,117.54,1,ask,117.6,0.00051046,2024-12-11T12:08:21.956907547-05:00
LTC-USD,117.255,1,ask,117.29,0.00029849,2024-12-11T12:09:22.828121035-05:00
LTC-USD,117.295,1,ask,117.33,0.00029839,2024-12-11T12:10:23.638576572-05:00
LTC-USD,117.525,1,ask,117.53,0.00004254,2024-12-11T12:11:24.471213459-05:00
LTC-USD,117.48,1,ask,117.51,0.00025536,2024-12-11T12:12:25.283656625-05:00
LTC-USD,117.415,1,ask,117.45,0.00029809,2024-12-11T12:13:26.147455886-05:00
LTC-USD,117.395,1,ask,117.4,0.00004259,2024-12-11T12:14:26.955780347-05:00
LTC-USD,117.23,1,ask,117.26,0.00025591,2024-12-11T12:15:27.782501607-05:00
LTC-USD,117.195,1,ask,117.2,0.00004266,2024-12-11T12:16:28.596604548-05:00
LTC-USD,117.095,1,ask,117.1,0.0000427,2024-12-11T12:17:29.374983645-05:00
LTC-USD,117.135,1,ask,117.14,0.00004269,2024-12-11T12:18:30.176181284-05:00
LTC-USD,117.005,1,ask,117.07,0.00055553,2024-12-11T12:19:30.986993379-05:00
LTC-USD,117.05,1,ask,117.07,0.00017087,2024-12-11T12:20:31.740178326-05:00
LTC-USD,116.87,1,ask,116.91,0.00034226,2024-12-11T12:21:32.623292638-05:00
LTC-USD,116.77,1,ask,116.83,0.00051383,2024-12-11T12:22:33.474217165-05:00
LTC-USD,116.615,1,ask,116.7,0.00072889,2024-12-11T12:23:34.254483578-05:00
LTC-USD,116.635,1,ask,116.67,0.00030008,2024-12-11T12:24:35.128075191-05:00
LTC-USD,116.365,1,ask,116.4,0.00030078,2024-12-11T12:25:35.885865162-05:00
LTC-USD,116.25,1,ask,116.3,0.00043011,2024-12-11T12:26:36.662720102-05:00
LTC-USD,116.31,1,ask,116.34,0.00025793,2024-12-11T12:27:37.477833103-05:00
LTC-USD,116.095,1,ask,116.13,0.00030148,2024-12-11T12:28:38.351171862-05:00
LTC-USD,115.875,1,ask,115.89,0.00012945,2024-12-11T12:29:39.209991423-05:00
LTC-USD,115.835,1,ask,115.84,0.00004316,2024-12-11T12:30:40.001120677-05:00
LTC-USD,115.775,1,ask,115.79,0.00012956,2024-12-11T12:31:40.795870028-05:00
LTC-USD,115.935,1,ask,115.94,0.00004313,2024-12-11T12:32:41.62752086-05:00
LTC-USD,116.14,1,ask,116.16,0.00017221,2024-12-11T12:33:42.391967193-05:00
LTC-USD,116,1,ask,116.02,0.00017241,2024-12-11T12:34:43.214314756-05:00
LTC-USD,116.065,1,ask,116.09,0.0002154,2024-12-11T12:35:44.144381929-05:00
LTC-USD,115.795,1,ask,115.81,0.00012954,2024-12-11T12:36:44.93295144-05:00
LTC-USD,115.865,1,ask,115.88,0.00012946,2024-12-11T12:37:45.769088164-05:00
LTC-USD,115.815,1,ask,115.83,0.00012952,2024-12-11T12:38:46.604418179-05:00
LTC-USD,115.795,1,ask,115.81,0.00012954,2024-12-11T12:39:47.44318976-05:00
LTC-USD,116.035,1,ask,116.06,0.00021545,2024-12-11T12:40:48.27794923-05:00
LTC-USD,116.155,1,ask,116.21,0.00047351,2024-12-11T12:41:49.090741918-05:00
LTC-USD,116.09,1,ask,116.11,0.00017228,2024-12-11T12:42:49.901239156-05:00
LTC-USD,115.995,1,ask,116.01,0.00012932,2024-12-11T12:43:50.745061905-05:00
LTC-USD,115.85,1,ask,115.87,0.00017264,2024-12-11T12:44:51.554324377-05:00
LTC-USD,116.02,1,ask,116.04,0.00017238,2024-12-11T12:45:52.35538919-05:00
LTC-USD,116.045,1,ask,116.05,0.00004309,2024-12-11T12:46:53.202136108-05:00
LTC-USD,115.865,1,ask,115.87,0.00004315,2024-12-11T12:47:54.053043335-05:00
LTC-USD,115.97,1,ask,115.98,0.00008623,2024-12-11T12:48:55.052974739-05:00
LTC-USD,115.905,1,ask,115.92,0.00012942,2024-12-11T12:49:55.844455342-05:00
LTC-USD,116.09,1,ask,116.13,0.00034456,2024-12-11T12:50:56.869213799-05:00
LTC-USD,115.915,1,ask,115.99,0.00064703,2024-12-11T12:51:57.683681004-05:00
LTC-USD,115.79,1,ask,115.81,0.00017273,2024-12-11T12:52:58.463440105-05:00
LTC-USD,115.805,1,ask,115.82,0.00012953,2024-12-11T12:53:59.314180142-05:00
LTC-USD,115.845,1,ask,115.87,0.00021581,2024-12-11T12:55:00.107088872-05:00
LTC-USD,115.725,1,ask,115.74,0.00012962,2024-12-11T12:56:00.900640001-05:00
LTC-USD,115.67,1,ask,115.74,0.00060517,2024-12-11T12:57:01.774796861-05:00
LTC-USD,115.32,1,ask,115.38,0.00052029,2024-12-11T12:58:02.671287621-05:00
LTC-USD,115.09,1,ask,115.11,0.00017378,2024-12-11T12:59:03.5171841-05:00
LTC-USD,115.12,1,ask,115.16,0.00034746,2024-12-11T13:00:04.37129144-05:00
LTC-USD,114.93,1,ask,114.97,0.00034804,2024-12-11T13:01:05.210067691-05:00
LTC-USD,114.785,1,ask,114.81,0.0002178,2024-12-11T13:02:05.978733153-05:00
LTC-USD,114.955,1,ask,114.96,0.0000435,2024-12-11T13:03:06.789987095-05:00
LTC-USD,115.28,1,ask,115.33,0.00043373,2024-12-11T13:04:07.568277694-05:00
LTC-USD,115.59,1,ask,115.64,0.00043256,2024-12-11T13:05:08.376506894-05:00
LTC-USD,115.645,1,ask,115.66,0.00012971,2024-12-11T13:06:09.213777873-05:00
LTC-USD,115.665,1,ask,115.67,0.00004323,2024-12-11T13:07:10.017357861-05:00
LTC-USD,115.58,1,ask,115.62,0.00034608,2024-12-11T13:08:10.821383926-05:00
LTC-USD,115.57,1,ask,115.58,0.00008653,2024-12-11T13:09:11.608464319-05:00
LTC-USD,115.545,1,ask,115.55,0.00004327,2024-12-11T13:10:12.492368992-05:00
LTC-USD,115.51,1,ask,115.54,0.00025972,2024-12-11T13:11:13.293075599-05:00
LTC-USD,115.49,1,ask,115.5,0.00008659,2024-12-11T13:12:14.082725948-05:00
LTC-USD,115.285,1,ask,115.29,0.00004337,2024-12-11T13:13:14.862344013-05:00
LTC-USD,115.525,1,ask,115.53,0.00004328,2024-12-11T13:14:15.665095284-05:00
LTC-USD,115.62,1,ask,115.69,0.00060543,2024-12-11T13:15:16.479786818-05:00
LTC-USD,115.685,1,ask,115.75,0.00056187,2024-12-11T13:16:17.233515729-05:00
LTC-USD,115.86,1,ask,115.92,0.00051787,2024-12-11T13:17:17.990374146-05:00
LTC-USD,115.58,1,ask,115.63,0.0004326,2024-12-11T13:18:18.813131631-05:00
LTC-USD,115.565,1,ask,115.57,0.00004327,2024-12-11T13:19:19.643544668-05:00
LTC-USD,115.83,1,ask,115.89,0.000518,2024-12-11T13:20:20.455351089-05:00
LTC-USD,115.745,1,ask,115.8,0.00047518,2024-12-11T13:21:21.281190212-05:00
LTC-USD,115.8,1,ask,115.85,0.00043178,2024-12-11T13:22:22.083730803-05:00
LTC-USD,115.82,1,ask,115.88,0.00051805,2024-12-11T13:23:22.903901605-05:00
LTC-USD,115.715,1,ask,115.78,0.00056172,2024-12-11T13:24:23.763014414-05:00
LTC-USD,115.725,1,ask,115.79,0.00056168,2024-12-11T13:25:24.551020395-05:00
LTC-USD,115.68,1,ask,115.75,0.00060512,2024-12-11T13:26:25.375159389-05:00
LTC-USD,115.815,1,ask,115.84,0.00021586,2024-12-11T13:27:26.152372405-05:00
LTC-USD,115.86,1,ask,115.9,0.00034524,2024-12-11T13:28:26.960228793-05:00
LTC-USD,115.995,1,ask,116.03,0.00030174,2024-12-11T13:29:27.838984515-05:00
LTC-USD,115.98,1,ask,116.05,0.00060355,2024-12-11T13:30:28.681865274-05:00
LTC-USD,116.075,1,ask,116.08,0.00004308,2024-12-11T13:31:29.45612393-05:00
LTC-USD,116.275,1,ask,116.32,0.00038701,2024-12-11T13:32:30.240765345-05:00
LTC-USD,116.14,1,ask,116.2,0.00051662,2024-12-11T13:33:31.104222984-05:00
LTC-USD,116.11,1,ask,116.17,0.00051675,2024-12-11T13:34:31.956835133-05:00
LTC-USD,116.11,1,ask,116.18,0.00060288,2024-12-11T13:35:32.760496219-05:00
LTC-USD,116.07,1,ask,116.11,0.00034462,2024-12-11T13:36:33.642317969-05:00
LTC-USD,116.275,1,ask,116.34,0.00055902,2024-12-11T13:37:34.467895713-05:00
LTC-USD,116.39,1,ask,116.46,0.00060143,2024-12-11T13:38:35.211858535-05:00
LTC-USD,116.645,1,ask,116.67,0.00021433,2024-12-11T13:39:36.053113491-05:00
LTC-USD,116.505,1,ask,116.54,0.00030042,2024-12-11T13:40:36.921237384-05:00
LTC-USD,116.39,1,ask,116.44,0.00042959,2024-12-11T13:41:37.750208651-05:00
LTC-USD,116.415,1,ask,116.46,0.00038655,2024-12-11T13:42:38.541280531-05:00
LTC-USD,116.415,1,ask,116.46,0.00038655,2024-12-11T13:43:39.444537-05:00
LTC-USD,116.415,1,ask,116.45,0.00030065,2024-12-11T13:44:40.239163197-05:00
LTC-USD,116.38,1,ask,116.42,0.0003437,2024-12-11T13:45:41.108015749-05:00
LTC-USD,116.475,1,ask,116.51,0.00030049,2024-12-11T13:46:41.962522417-05:00
LTC-USD,116.635,1,ask,116.67,0.00030008,2024-12-11T13:47:42.794537762-05:00
LTC-USD,116.615,1,ask,116.65,0.00030013,2024-12-11T13:48:43.602822816-05:00
LTC-USD,116.78,1,ask,116.82,0.00034252,2024-12-11T13:49:44.42868769-05:00
LTC-USD,116.595,1,ask,116.63,0.00030018,2024-12-11T13:50:45.197286147-05:00
LTC-USD,116.48,1,ask,116.52,0.00034341,2024-12-11T13:51:46.019159634-05:00
LTC-USD,116.425,1,ask,116.46,0.00030062,2024-12-11T13:52:46.904035662-05:00
LTC-USD,116.435,1,ask,116.47,0.0003006,2024-12-11T13:53:47.723914493-05:00
LTC-USD,116.255,1,ask,116.29,0.00030106,2024-12-11T13:54:48.574126547-05:00
LTC-USD,116.145,1,ask,116.22,0.00064574,2024-12-11T13:55:49.425363286-05:00
LTC-USD,116.1,1,ask,116.16,0.0005168,2024-12-11T13:56:50.247978248-05:00
LTC-USD,116.175,1,ask,116.22,0.00038735,2024-12-11T13:57:51.12135781-05:00
LTC-USD,116.21,1,ask,116.25,0.0003442,2024-12-11T13:58:51.951201411-05:00
LTC-USD,116.24,1,ask,116.32,0.00068823,2024-12-11T13:59:52.845293051-05:00
LTC-USD,116.395,1,ask,116.44,0.00038661,2024-12-11T14:00:53.682433395-05:00
LTC-USD,116.49,1,ask,116.54,0.00042922,2024-12-11T14:01:54.508483846-05:00
LTC-USD,116.43,1,ask,116.46,0.00025767,2024-12-11T14:02:55.276006455-05:00
LTC-USD,116.425,1,ask,116.46,0.00030062,2024-12-11T14:03:56.129933661-05:00
LTC-USD,116.515,1,ask,116.57,0.00047204,2024-12-11T14:04:57.951375025-05:00
LTC-USD,116.565,1,ask,116.6,0.00030026,2024-12-11T14:05:58.790933841-05:00
LTC-USD,116.54,1,ask,116.57,0.00025742,2024-12-11T14:06:59.632788817-05:00
LTC-USD,116.65,1,ask,116.68,0.00025718,2024-12-11T14:08:00.447104904-05:00
LTC-USD,116.65,1,ask,116.7,0.00042863,2024-12-11T14:09:01.24044188-05:00
LTC-USD,116.605,1,ask,116.65,0.00038592,2024-12-11T14:10:02.117062837-05:00
LTC-USD,116.585,1,ask,116.64,0.00047176,2024-12-11T14:11:02.925375961-05:00
LTC-USD,116.615,1,ask,116.65,0.00030013,2024-12-11T14:12:03.771520755-05:00
LTC-USD,116.68,1,ask,116.76,0.00068564,2024-12-11T14:13:04.546385892-05:00
LTC-USD,116.555,1,ask,116.59,0.00030029,2024-12-11T14:14:05.368777274-05:00
LTC-USD,116.55,1,ask,116.59,0.0003432,2024-12-11T14:15:06.270340511-05:00
LTC-USD,116.34,1,ask,116.37,0.00025786,2024-12-11T14:16:07.080892414-05:00
LTC-USD,116.705,1,ask,116.74,0.0002999,2024-12-11T14:17:07.988320201-05:00
LTC-USD,116.615,1,ask,116.67,0.00047164,2024-12-11T14:18:08.818721656-05:00
LTC-USD,116.63,1,ask,116.67,0.00034296,2024-12-11T14:19:09.674068381-05:00
LTC-USD,116.565,1,ask,116.63,0.00055763,2024-12-11T14:20:10.544210159-05:00
LTC-USD,116.665,1,ask,116.7,0.0003,2024-12-11T14:21:11.412085347-05:00
LTC-USD,116.815,1,ask,116.85,0.00029962,2024-12-11T14:22:12.21808589-05:00
LTC-USD,116.8,1,ask,116.84,0.00034247,2024-12-11T14:23:13.006306929-05:00
LTC-USD,116.84,1,ask,116.87,0.00025676,2024-12-11T14:24:13.880021802-05:00
LTC-USD,116.765,1,ask,116.8,0.00029975,2024-12-11T14:25:14.794740585-05:00
LTC-USD,116.78,1,ask,116.81,0.00025689,2024-12-11T14:26:15.660608242-05:00
LTC-USD,116.765,1,ask,116.82,0.00047103,2024-12-11T14:27:16.499323398-05:00
LTC-USD,116.79,1,ask,116.81,0.00017125,2024-12-11T14:28:17.38516686-05:00
LTC-USD,116.925,1,ask,116.96,0.00029934,2024-12-11T14:29:18.31106908-05:00
LTC-USD,116.95,1,ask,116.99,0.00034203,2024-12-11T14:30:19.159971062-05:00
LTC-USD,116.93,1,ask,116.97,0.00034209,2024-12-11T14:31:20.123504821-05:00
LTC-USD,116.91,1,ask,116.94,0.00025661,2024-12-11T14:32:20.923758283-05:00
LTC-USD,116.94,1,ask,116.97,0.00025654,2024-12-11T14:33:21.802518927-05:00
LTC-USD,117.025,1,ask,117.06,0.00029908,2024-12-11T14:34:22.666449112-05:00
LTC-USD,117.075,1,ask,117.11,0.00029895,2024-12-11T14:35:23.48829528-05:00
LTC-USD,116.98,1,ask,116.99,0.00008548,2024-12-11T14:36:24.352411988-05:00
LTC-USD,117,1,ask,117.03,0.00025641,2024-12-11T14:37:25.155200324-05:00
LTC-USD,116.945,1,ask,116.95,0.00004276,2024-12-11T14:38:26.049840317-05:00
LTC-USD,117.115,1,ask,117.15,0.00029885,2024-12-11T14:39:26.838984018-05:00
LTC-USD,117.2,1,ask,117.24,0.0003413,2024-12-11T14:40:27.614816384-05:00
LTC-USD,117.195,1,ask,117.24,0.00038398,2024-12-11T14:41:28.424144859-05:00
LTC-USD,117.265,1,ask,117.3,0.00029847,2024-12-11T14:42:29.256502548-05:00
LTC-USD,117.3,1,ask,117.35,0.00042626,2024-12-11T14:43:30.121873025-05:00
LTC-USD,117.385,1,ask,117.42,0.00029816,2024-12-11T14:44:31.00341382-05:00
LTC-USD,117.365,1,ask,117.4,0.00029821,2024-12-11T14:45:31.896335896-05:00
LTC-USD,117.315,1,ask,117.37,0.00046882,2024-12-11T14:46:32.785215451-05:00
LTC-USD,117.33,1,ask,117.38,0.00042615,2024-12-11T14:47:33.555983475-05:00
LTC-USD,117.3,1,ask,117.35,0.00042626,2024-12-11T14:48:34.334223932-05:00
LTC-USD,117.275,1,ask,117.33,0.00046898,2024-12-11T14:49:35.15302153-05:00
LTC-USD,117.355,1,ask,117.39,0.00029824,2024-12-11T14:50:35.938544945-05:00
LTC-USD,117.275,1,ask,117.33,0.00046898,2024-12-11T14:51:36.8151642-05:00
LTC-USD,117.27,1,ask,117.31,0.00034109,2024-12-11T14:52:37.603129064-05:00
LTC-USD,117.2,1,ask,117.26,0.00051195,2024-12-11T14:53:38.471957658-05:00
LTC-USD,117.225,1,ask,117.23,0.00004265,2024-12-11T14:54:39.403748084-05:00
LTC-USD,117.24,1,ask,117.26,0.00017059,2024-12-11T14:55:40.292940844-05:00
LTC-USD,117.23,1,ask,117.26,0.00025591,2024-12-11T14:56:41.092917428-05:00
LTC-USD,117.25,1,ask,117.29,0.00034115,2024-12-11T14:57:41.964390743-05:00
LTC-USD,117.315,1,ask,117.35,0.00029834,2024-12-11T14:58:42.789733158-05:00
LTC-USD,117.425,1,ask,117.46,0.00029806,2024-12-11T14:59:43.664455652-05:00
LTC-USD,117.5,1,ask,117.55,0.00042553,2024-12-11T15:00:44.530274011-05:00
LTC-USD,117.515,1,ask,117.58,0.00055312,2024-12-11T15:01:45.349786196-05:00
LTC-USD,117.83,1,ask,117.87,0.00033947,2024-12-11T15:02:46.212602542-05:00
LTC-USD,117.74,1,ask,117.79,0.00042466,2024-12-11T15:03:47.046281051-05:00
LTC-USD,117.965,1,ask,118,0.0002967,2024-12-11T15:04:47.901867701-05:00
LTC-USD,118,1,ask,118.06,0.00050847,2024-12-11T15:05:48.669297647-05:00
LTC-USD,117.925,1,ask,117.95,0.000212,2024-12-11T15:06:49.455775381-05:00
LTC-USD,117.915,1,ask,117.95,0.00029682,2024-12-11T15:07:51.262490636-05:00
LTC-USD,117.9,1,ask,117.95,0.00042409,2024-12-11T15:08:52.029738231-05:00
LTC-USD,117.9,1,ask,117.95,0.00042409,2024-12-11T15:09:52.807285965-05:00
LTC-USD,117.63,1,ask,117.65,0.00017002,2024-12-11T15:10:53.637798301-05:00
LTC-USD,117.605,1,ask,117.67,0.0005527,2024-12-11T15:11:54.583765256-05:00
LTC-USD,117.665,1,ask,117.7,0.00029745,2024-12-11T15:12:55.453443994-05:00
LTC-USD,117.705,1,ask,117.76,0.00046727,2024-12-11T15:13:56.256483212-05:00
LTC-USD,117.635,1,ask,117.67,0.00029753,2024-12-11T15:14:57.013156991-05:00
LTC-USD,117.61,1,ask,117.67,0.00051016,2024-12-11T15:15:57.79201197-05:00
LTC-USD,117.39,1,ask,117.42,0.00025556,2024-12-11T15:16:58.665604186-05:00
LTC-USD,117.245,1,ask,117.27,0.00021323,2024-12-11T15:17:59.462458388-05:00
LTC-USD,117.57,1,ask,117.6,0.00025517,2024-12-11T15:19:00.286562623-05:00
LTC-USD,117.69,1,ask,117.73,0.00033988,2024-12-11T15:20:01.070335011-05:00
LTC-USD,117.6,1,ask,117.64,0.00034014,2024-12-11T15:21:01.868436945-05:00
LTC-USD,117.535,1,ask,117.57,0.00029778,2024-12-11T15:22:02.642971317-05:00
LTC-USD,117.385,1,ask,117.42,0.00029816,2024-12-11T15:23:03.5124557-05:00
LTC-USD,117.585,1,ask,117.65,0.00055279,2024-12-11T15:24:04.303808881-05:00
LTC-USD,117.63,1,ask,117.66,0.00025504,2024-12-11T15:25:05.111341848-05:00
LTC-USD,117.61,1,ask,117.65,0.00034011,2024-12-11T15:26:05.908775442-05:00
LTC-USD,117.595,1,ask,117.63,0.00029763,2024-12-11T15:27:06.743106611-05:00
LTC-USD,117.68,1,ask,117.71,0.00025493,2024-12-11T15:28:07.58763482-05:00
LTC-USD,117.62,1,ask,117.67,0.0004251,2024-12-11T15:29:08.399445787-05:00
LTC-USD,117.635,1,ask,117.67,0.00029753,2024-12-11T15:30:09.197983493-05:00
LTC-USD,117.785,1,ask,117.82,0.00029715,2024-12-11T15:31:10.012201908-05:00
LTC-USD,117.67,1,ask,117.74,0.00059488,2024-12-11T15:32:10.833021305-05:00
LTC-USD,117.665,1,ask,117.7,0.00029745,2024-12-11T15:33:11.699946281-05:00
LTC-USD,117.61,1,ask,117.66,0.00042513,2024-12-11T15:34:12.548728446-05:00
LTC-USD,117.6,1,ask,117.64,0.00034014,2024-12-11T15:35:13.483511559-05:00
LTC-USD,117.635,1,ask,117.68,0.00038254,2024-12-11T15:36:14.313033135-05:00
LTC-USD,117.675,1,ask,117.72,0.00038241,2024-12-11T15:37:15.107029249-05:00
LTC-USD,117.76,1,ask,117.81,0.00042459,2024-12-11T15:38:15.977108809-05:00
LTC-USD,117.68,1,ask,117.71,0.00025493,2024-12-11T15:39:16.842890746-05:00
LTC-USD,117.74,1,ask,117.78,0.00033973,2024-12-11T15:40:17.629663548-05:00
LTC-USD,117.795,1,ask,117.83,0.00029713,2024-12-11T15:41:18.454138133-05:00
LTC-USD,118.025,1,ask,118.04,0.00012709,2024-12-11T15:42:19.289935233-05:00
LTC-USD,118.23,1,ask,118.27,0.00033832,2024-12-11T15:43:20.162304661-05:00
LTC-USD,118.255,1,ask,118.3,0.00038053,2024-12-11T15:44:21.000318222-05:00
LTC-USD,118.57,1,ask,118.58,0.00008434,2024-12-11T15:45:21.829826763-05:00
LTC-USD,118.685,1,ask,118.69,0.00004213,2024-12-11T15:46:22.638020694-05:00
LTC-USD,118.615,1,ask,118.63,0.00012646,2024-12-11T15:47:23.432822327-05:00
LTC-USD,118.51,1,ask,118.52,0.00008438,2024-12-11T15:48:24.313037061-05:00
LTC-USD,118.335,1,ask,118.34,0.00004225,2024-12-11T15:49:25.119315876-05:00
LTC-USD,118.385,1,ask,118.44,0.00046459,2024-12-11T15:50:25.924455071-05:00
LTC-USD,118.375,1,ask,118.41,0.00029567,2024-12-11T15:51:26.803927178-05:00
LTC-USD,118.255,1,ask,118.27,0.00012684,2024-12-11T15:52:27.641153373-05:00
LTC-USD,118.155,1,ask,118.17,0.00012695,2024-12-11T15:53:28.489240551-05:00
LTC-USD,118.165,1,ask,118.19,0.00021157,2024-12-11T15:54:29.30661631-05:00
LTC-USD,118.09,1,ask,118.13,0.00033872,2024-12-11T15:55:30.200372442-05:00
LTC-USD,118.12,1,ask,118.14,0.00016932,2024-12-11T15:56:31.020906154-05:00
LTC-USD,118.11,1,ask,118.12,0.00008467,2024-12-11T15:57:32.107125081-05:00
LTC-USD,118.15,1,ask,118.16,0.00008464,2024-12-11T15:58:33.153386391-05:00
LTC-USD,118.24,1,ask,118.26,0.00016915,2024-12-11T15:59:34.299779804-05:00
LTC-USD,118.085,1,ask,118.12,0.0002964,2024-12-11T16:00:35.178062763-05:00
LTC-USD,118.125,1,ask,118.15,0.00021164,2024-12-11T16:01:36.23315057-05:00
LTC-USD,118.165,1,ask,118.21,0.00038082,2024-12-11T16:02:37.03997861-05:00
LTC-USD,118.085,1,ask,118.13,0.00038108,2024-12-11T16:03:38.036068192-05:00
LTC-USD,117.85,1,ask,117.92,0.00059398,2024-12-11T16:04:38.822059601-05:00
LTC-USD,117.875,1,ask,117.92,0.00038176,2024-12-11T16:05:39.643538482-05:00
LTC-USD,117.77,1,ask,117.82,0.00042456,2024-12-11T16:06:40.470079695-05:00
LTC-USD,117.78,1,ask,117.81,0.00025471,2024-12-11T16:07:41.351325462-05:00
LTC-USD,117.445,1,ask,117.49,0.00038316,2024-12-11T16:08:42.107748046-05:00
LTC-USD,117.63,1,ask,117.69,0.00051007,2024-12-11T16:09:42.928500262-05:00
LTC-USD,117.685,1,ask,117.76,0.00063729,2024-12-11T16:10:43.824312276-05:00
LTC-USD,117.72,1,ask,117.77,0.00042474,2024-12-11T16:11:44.875178748-05:00
LTC-USD,117.655,1,ask,117.69,0.00029748,2024-12-11T16:12:45.762104931-05:00
LTC-USD,117.86,1,ask,117.9,0.00033939,2024-12-11T16:13:46.5375982-05:00
LTC-USD,117.98,1,ask,118.04,0.00050856,2024-12-11T16:14:48.438596757-05:00
LTC-USD,118,1,ask,118.06,0.00050847,2024-12-11T16:15:49.234845878-05:00
LTC-USD,118.185,1,ask,118.23,0.00038076,2024-12-11T16:16:50.120984672-05:00
LTC-USD,117.84,1,ask,117.9,0.00050916,2024-12-11T16:17:50.980484624-05:00
LTC-USD,117.745,1,ask,117.76,0.00012739,2024-12-11T16:18:52.042023157-05:00
LTC-USD,117.695,1,ask,117.7,0.00004248,2024-12-11T16:19:52.959532373-05:00
LTC-USD,117.54,1,ask,117.56,0.00017015,2024-12-11T16:20:53.7868465-05:00
LTC-USD,117.54,1,ask,117.56,0.00017015,2024-12-11T16:21:54.605472556-05:00
LTC-USD,117.56,1,ask,117.62,0.00051038,2024-12-11T16:22:55.412402581-05:00
LTC-USD,117.535,1,ask,117.59,0.00046795,2024-12-11T16:23:56.250445988-05:00
LTC-USD,117.63,1,ask,117.69,0.00051007,2024-12-11T16:24:57.040956678-05:00
LTC-USD,117.55,1,ask,117.6,0.00042535,2024-12-11T16:25:57.882492719-05:00
LTC-USD,117.55,1,ask,117.6,0.00042535,2024-12-11T16:26:58.742258734-05:00
LTC-USD,117.57,1,ask,117.64,0.00059539,2024-12-11T16:27:59.554651655-05:00
LTC-USD,117.575,1,ask,117.63,0.00046779,2024-12-11T16:29:00.330350995-05:00
LTC-USD,117.58,1,ask,117.64,0.00051029,2024-12-11T16:30:01.153434061-05:00
LTC-USD,117.435,1,ask,117.5,0.0005535,2024-12-11T16:31:02.05569591-05:00
LTC-USD,117.41,1,ask,117.46,0.00042586,2024-12-11T16:32:02.906383868-05:00
LTC-USD,117.64,1,ask,117.7,0.00051003,2024-12-11T16:33:03.79922317-05:00
LTC-USD,117.785,1,ask,117.85,0.00055185,2024-12-11T16:34:04.570858615-05:00
LTC-USD,117.915,1,ask,117.98,0.00055124,2024-12-11T16:35:05.355954546-05:00
LTC-USD,117.765,1,ask,117.83,0.00055195,2024-12-11T16:36:06.157560822-05:00
LTC-USD,117.645,1,ask,117.71,0.00055251,2024-12-11T16:37:06.948613986-05:00
LTC-USD,117.76,1,ask,117.82,0.00050951,2024-12-11T16:38:07.756388092-05:00
LTC-USD,117.74,1,ask,117.81,0.00059453,2024-12-11T16:39:08.577553155-05:00
LTC-USD,117.735,1,ask,117.8,0.00055209,2024-12-11T16:40:09.393419303-05:00
LTC-USD,117.79,1,ask,117.85,0.00050938,2024-12-11T16:41:10.210460827-05:00
LTC-USD,117.775,1,ask,117.83,0.00046699,2024-12-11T16:42:11.00536255-05:00
LTC-USD,117.845,1,ask,117.91,0.00055157,2024-12-11T16:43:11.796525844-05:00
LTC-USD,117.86,1,ask,117.92,0.00050908,2024-12-11T16:44:13.621658422-05:00
LTC-USD,117.87,1,ask,117.94,0.00059387,2024-12-11T16:45:14.433811343-05:00
LTC-USD,118.035,1,ask,118.1,0.00055068,2024-12-11T16:46:15.16535824-05:00
LTC-USD,117.97,1,ask,118.04,0.00059337,2024-12-11T16:47:15.921416417-05:00
LTC-USD,117.955,1,ask,118.02,0.00055106,2024-12-11T16:48:16.703201966-05:00
LTC-USD,117.93,1,ask,118,0.00059357,2024-12-11T16:49:17.542747429-05:00
LTC-USD,118.055,1,ask,118.12,0.00055059,2024-12-11T16:50:18.329963094-05:00
LTC-USD,118.01,1,ask,118.07,0.00050843,2024-12-11T16:51:19.129117436-05:00
LTC-USD,117.89,1,ask,117.96,0.00059377,2024-12-11T16:52:19.958043814-05:00
LTC-USD,117.9,1,ask,117.96,0.00050891,2024-12-11T16:53:20.756444508-05:00
LTC-USD,117.905,1,ask,117.97,0.00055129,2024-12-11T16:54:21.557338347-05:00
LTC-USD,117.825,1,ask,117.83,0.00004244,2024-12-11T16:55:22.354886102-05:00
LTC-USD,117.885,1,ask,117.89,0.00004241,2024-12-11T16:56:23.102528762-05:00
LTC-USD,117.79,1,ask,117.83,0.00033959,2024-12-11T16:57:23.911624501-05:00
LTC-USD,117.845,1,ask,117.91,0.00055157,2024-12-11T16:58:24.710278269-05:00
LTC-USD,117.835,1,ask,117.89,0.00046675,2024-12-11T16:59:25.438301422-05:00
LTC-USD,117.91,1,ask,117.97,0.00050886,2024-12-11T17:00:26.238202487-05:00
LTC-USD,118.16,1,ask,118.23,0.00059242,2024-12-11T17:01:27.043050475-05:00
LTC-USD,118.125,1,ask,118.19,0.00055026,2024-12-11T17:02:27.887565676-05:00
LTC-USD,118.28,1,ask,118.31,0.00025364,2024-12-11T17:03:28.718472276-05:00
LTC-USD,118.445,1,ask,118.49,0.00037992,2024-12-11T17:04:29.5085676-05:00
LTC-USD,118.35,1,ask,118.39,0.00033798,2024-12-11T17:05:30.314134966-05:00
LTC-USD,118.5,1,ask,118.54,0.00033755,2024-12-11T17:06:31.179239748-05:00
LTC-USD,118.475,1,ask,118.52,0.00037983,2024-12-11T17:07:31.970533783-05:00
LTC-USD,118.555,1,ask,118.6,0.00037957,2024-12-11T17:08:32.870569767-05:00
LTC-USD,118.42,1,ask,118.48,0.00050667,2024-12-11T17:09:33.774273171-05:00
LTC-USD,118.625,1,ask,118.7,0.00063224,2024-12-11T17:10:34.583978458-05:00
LTC-USD,118.45,1,ask,118.51,0.00050654,2024-12-11T17:11:35.437005434-05:00
LTC-USD,118.18,1,ask,118.22,0.00033847,2024-12-11T17:12:36.294119605-05:00
LTC-USD,118.005,1,ask,118.04,0.0002966,2024-12-11T17:13:37.130213672-05:00
LTC-USD,118.035,1,ask,118.11,0.0006354,2024-12-11T17:14:37.937007203-05:00
LTC-USD,117.985,1,ask,118.03,0.0003814,2024-12-11T17:15:38.799044932-05:00
LTC-USD,117.85,1,ask,117.88,0.00025456,2024-12-11T17:16:39.605656873-05:00
LTC-USD,117.73,1,ask,117.77,0.00033976,2024-12-11T17:17:40.456112097-05:00
LTC-USD,117.775,1,ask,117.81,0.00029718,2024-12-11T17:18:41.324776118-05:00
LTC-USD,117.81,1,ask,117.85,0.00033953,2024-12-11T17:19:42.150901192-05:00
LTC-USD,118.01,1,ask,118.06,0.00042369,2024-12-11T17:20:42.998030218-05:00
LTC-USD,117.95,1,ask,117.99,0.00033913,2024-12-11T17:21:43.827260781-05:00
LTC-USD,117.905,1,ask,117.94,0.00029685,2024-12-11T17:22:44.668529449-05:00
LTC-USD,117.86,1,ask,117.9,0.00033939,2024-12-11T17:23:45.493904138-05:00
LTC-USD,117.825,1,ask,117.86,0.00029705,2024-12-11T17:24:46.347494401-05:00
LTC-USD,117.96,1,ask,118.03,0.00059342,2024-12-11T17:25:47.198031916-05:00
LTC-USD,117.875,1,ask,117.93,0.0004666,2024-12-11T17:26:48.049509363-05:00
LTC-USD,117.825,1,ask,117.88,0.00046679,2024-12-11T17:27:48.928902001-05:00
LTC-USD,117.78,1,ask,117.82,0.00033962,2024-12-11T17:28:49.791173006-05:00
LTC-USD,117.885,1,ask,117.93,0.00038173,2024-12-11T17:29:50.615458005-05:00
LTC-USD,118.03,1,ask,118.07,0.0003389,2024-12-11T17:30:51.444777744-05:00
LTC-USD,117.815,1,ask,117.85,0.00029708,2024-12-11T17:31:53.242251084-05:00
LTC-USD,117.73,1,ask,117.77,0.00033976,2024-12-11T17:32:54.071955683-05:00
LTC-USD,117.695,1,ask,117.73,0.00029738,2024-12-11T17:33:54.886000976-05:00
LTC-USD,117.655,1,ask,117.72,0.00055246,2024-12-11T17:34:55.669906141-05:00
LTC-USD,117.55,1,ask,117.67,0.00102084,2024-12-11T17:35:56.520714407-05:00
LTC-USD,117.39,1,ask,117.43,0.00034074,2024-12-11T17:36:57.37584304-05:00
LTC-USD,117.54,1,ask,117.6,0.00051046,2024-12-11T17:37:58.29305883-05:00
LTC-USD,117.56,1,ask,117.6,0.00034025,2024-12-11T17:38:59.22359794-05:00
LTC-USD,117.775,1,ask,117.83,0.00046699,2024-12-11T17:40:00.021013028-05:00
LTC-USD,117.89,1,ask,117.96,0.00059377,2024-12-11T17:41:00.880722937-05:00
LTC-USD,117.84,1,ask,117.9,0.00050916,2024-12-11T17:42:01.702256361-05:00
LTC-USD,117.85,1,ask,117.9,0.00042427,2024-12-11T17:43:02.59321799-05:00
LTC-USD,117.905,1,ask,117.95,0.00038166,2024-12-11T17:44:03.423946116-05:00
LTC-USD,117.9,1,ask,117.96,0.00050891,2024-12-11T17:45:04.472134223-05:00
LTC-USD,117.7,1,ask,117.74,0.00033985,2024-12-11T17:46:05.318516662-05:00
LTC-USD,117.65,1,ask,117.69,0.00033999,2024-12-11T17:47:06.177450045-05:00
LTC-USD,117.8,1,ask,117.85,0.00042445,2024-12-11T17:48:06.971987215-05:00
LTC-USD,117.835,1,ask,117.89,0.00046675,2024-12-11T17:49:07.789993492-05:00
LTC-USD,117.77,1,ask,117.82,0.00042456,2024-12-11T17:50:08.633847421-05:00
LTC-USD,117.755,1,ask,117.8,0.00038215,2024-12-11T17:51:09.360952231-05:00
LTC-USD,117.825,1,ask,117.86,0.00029705,2024-12-11T17:52:10.135271148-05:00
LTC-USD,117.885,1,ask,117.92,0.0002969,2024-12-11T17:53:10.960463061-05:00
LTC-USD,117.895,1,ask,117.93,0.00029687,2024-12-11T17:54:11.73857674-05:00
LTC-USD,118.19,1,ask,118.25,0.00050766,2024-12-11T17:55:12.575029584-05:00
LTC-USD,118.38,1,ask,118.43,0.00042237,2024-12-11T17:56:13.458510599-05:00
LTC-USD,118.55,1,ask,118.6,0.00042176,2024-12-11T17:57:14.352873115-05:00
LTC-USD,118.46,1,ask,118.56,0.00084417,2024-12-11T17:58:15.161025835-05:00
LTC-USD,118.225,1,ask,118.27,0.00038063,2024-12-11T17:59:15.974907942-05:00
LTC-USD,118.245,1,ask,118.31,0.00054971,2024-12-11T18:00:17.247919322-05:00
LTC-USD,118.215,1,ask,118.27,0.00046525,2024-12-11T18:01:18.096925527-05:00
LTC-USD,118.35,1,ask,118.4,0.00042248,2024-12-11T18:02:18.922821263-05:00
LTC-USD,118.245,1,ask,118.28,0.000296,2024-12-11T18:03:19.698197232-05:00
LTC-USD,118.2,1,ask,118.24,0.00033841,2024-12-11T18:04:20.55492461-05:00
LTC-USD,118.36,1,ask,118.42,0.00050693,2024-12-11T18:05:21.398632521-05:00
LTC-USD,118.265,1,ask,118.32,0.00046506,2024-12-11T18:06:22.254439288-05:00
LTC-USD,118.29,1,ask,118.33,0.00033815,2024-12-11T18:07:23.15968731-05:00
LTC-USD,118.225,1,ask,118.3,0.00063438,2024-12-11T18:08:23.982124579-05:00
LTC-USD,118.42,1,ask,118.45,0.00025334,2024-12-11T18:09:24.815625432-05:00
LTC-USD,118.41,1,ask,118.45,0.00033781,2024-12-11T18:10:25.628901628-05:00
LTC-USD,118.405,1,ask,118.44,0.0002956,2024-12-11T18:11:26.47097354-05:00
LTC-USD,118.295,1,ask,118.34,0.0003804,2024-12-11T18:12:27.26601478-05:00
LTC-USD,118.28,1,ask,118.33,0.00042273,2024-12-11T18:13:28.139816673-05:00
LTC-USD,118.44,1,ask,118.51,0.00059102,2024-12-11T18:14:28.951283229-05:00
LTC-USD,118.585,1,ask,118.66,0.00063246,2024-12-11T18:15:29.829642686-05:00
LTC-USD,118.585,1,ask,118.62,0.00029515,2024-12-11T18:16:30.626709047-05:00
LTC-USD,118.575,1,ask,118.62,0.00037951,2024-12-11T18:17:31.473251504-05:00
LTC-USD,118.585,1,ask,118.63,0.00037947,2024-12-11T18:18:32.307621751-05:00
LTC-USD,118.665,1,ask,118.71,0.00037922,2024-12-11T18:19:33.181514973-05:00
LTC-USD,118.67,1,ask,118.71,0.00033707,2024-12-11T18:20:34.065633733-05:00
LTC-USD,118.285,1,ask,118.3,0.00012681,2024-12-11T18:21:34.869891993-05:00
LTC-USD,118.12,1,ask,118.19,0.00059262,2024-12-11T18:22:35.686073271-05:00
LTC-USD,118.06,1,ask,118.13,0.00059292,2024-12-11T18:23:36.522502504-05:00
LTC-USD,118.085,1,ask,118.13,0.00038108,2024-12-11T18:24:37.433812677-05:00
LTC-USD,117.975,1,ask,118.02,0.00038144,2024-12-11T18:25:38.261435245-05:00
LTC-USD,118.02,1,ask,118.06,0.00033893,2024-12-11T18:26:39.113250897-05:00
LTC-USD,118.035,1,ask,118.1,0.00055068,2024-12-11T18:27:39.979172182-05:00
LTC-USD,118.08,1,ask,118.11,0.00025407,2024-12-11T18:28:40.84967226-05:00
LTC-USD,118.1,1,ask,118.14,0.0003387,2024-12-11T18:29:41.639093887-05:00
LTC-USD,118.2,1,ask,118.24,0.00033841,2024-12-11T18:30:42.491769207-05:00
LTC-USD,118.14,1,ask,118.19,0.00042323,2024-12-11T18:31:43.343803215-05:00
LTC-USD,118.065,1,ask,118.13,0.00055054,2024-12-11T18:32:44.227460122-05:00
LTC-USD,118.05,1,ask,118.12,0.00059297,2024-12-11T18:33:45.067741831-05:00
LTC-USD,118.135,1,ask,118.17,0.00029627,2024-12-11T18:34:45.891142697-05:00
LTC-USD,117.945,1,ask,117.98,0.00029675,2024-12-11T18:35:46.694661694-05:00
LTC-USD,118.02,1,ask,118.1,0.00067785,2024-12-11T18:36:47.791968879-05:00
LTC-USD,117.91,1,ask,117.92,0.00008481,2024-12-11T18:37:48.634860378-05:00
LTC-USD,117.92,1,ask,117.98,0.00050882,2024-12-11T18:38:49.467133582-05:00
LTC-USD,117.95,1,ask,118.03,0.00067825,2024-12-11T18:39:50.388513544-05:00
LTC-USD,117.91,1,ask,117.97,0.00050886,2024-12-11T18:40:51.27482341-05:00
LTC-USD,117.85,1,ask,117.86,0.00008485,2024-12-11T18:41:52.060265637-05:00
LTC-USD,117.93,1,ask,117.99,0.00050878,2024-12-11T18:42:52.905888596-05:00
LTC-USD,117.945,1,ask,118,0.00046632,2024-12-11T18:43:53.729853448-05:00
LTC-USD,117.895,1,ask,117.97,0.00063616,2024-12-11T18:44:54.56001228-05:00
LTC-USD,117.815,1,ask,117.92,0.00089123,2024-12-11T18:45:55.405045601-05:00
LTC-USD,117.795,1,ask,117.87,0.0006367,2024-12-11T18:46:56.246871335-05:00
LTC-USD,117.765,1,ask,117.84,0.00063686,2024-12-11T18:47:57.14705855-05:00
LTC-USD,117.71,1,ask,117.78,0.00059468,2024-12-11T18:48:57.948180885-05:00
LTC-USD,117.675,1,ask,117.74,0.00055237,2024-12-11T18:49:58.769846882-05:00
LTC-USD,117.54,1,ask,117.63,0.0007657,2024-12-11T18:50:59.647512687-05:00
LTC-USD,117.565,1,ask,117.65,0.000723,2024-12-11T18:52:00.575095969-05:00
LTC-USD,117.5,1,ask,117.56,0.00051064,2024-12-11T18:53:01.403049893-05:00
LTC-USD,117.49,1,ask,117.54,0.00042557,2024-12-11T18:54:02.471319691-05:00
LTC-USD,117.475,1,ask,117.51,0.00029794,2024-12-11T18:55:03.271064278-05:00
LTC-USD,117.615,1,ask,117.68,0.00055265,2024-12-11T18:56:04.105000189-05:00
LTC-USD,117.575,1,ask,117.64,0.00055284,2024-12-11T18:57:04.980020068-05:00
LTC-USD,117.515,1,ask,117.56,0.00038293,2024-12-11T18:58:05.794130333-05:00
LTC-USD,117.49,1,ask,117.52,0.00025534,2024-12-11T18:59:06.58455674-05:00
LTC-USD,117.44,1,ask,117.46,0.0001703,2024-12-11T19:00:07.392830479-05:00
LTC-USD,117.47,1,ask,117.52,0.00042564,2024-12-11T19:01:08.206594049-05:00
LTC-USD,117.42,1,ask,117.46,0.00034066,2024-12-11T19:02:09.023438583-05:00
LTC-USD,117.205,1,ask,117.25,0.00038394,2024-12-11T19:03:09.865637764-05:00
LTC-USD,117.165,1,ask,117.22,0.00046942,2024-12-11T19:04:10.70570624-05:00
LTC-USD,117.095,1,ask,117.15,0.0004697,2024-12-11T19:05:11.538412357-05:00
LTC-USD,117.43,1,ask,117.49,0.00051094,2024-12-11T19:06:12.401111879-05:00
LTC-USD,117.45,1,ask,117.5,0.00042571,2024-12-11T19:07:13.258616248-05:00
LTC-USD,117.44,1,ask,117.5,0.0005109,2024-12-11T19:08:14.101535297-05:00
LTC-USD,117.58,1,ask,117.64,0.00051029,2024-12-11T19:09:14.947364648-05:00
LTC-USD,117.7,1,ask,117.77,0.00059473,2024-12-11T19:10:15.739884652-05:00
LTC-USD,117.62,1,ask,117.67,0.0004251,2024-12-11T19:11:16.607648461-05:00
LTC-USD,117.785,1,ask,117.84,0.00046695,2024-12-11T19:12:17.408770238-05:00
LTC-USD,117.89,1,ask,117.96,0.00059377,2024-12-11T19:13:18.229042695-05:00
LTC-USD,117.675,1,ask,117.75,0.00063735,2024-12-11T19:14:19.033330307-05:00
LTC-USD,117.78,1,ask,117.85,0.00059433,2024-12-11T19:15:19.869063075-05:00
LTC-USD,117.87,1,ask,117.92,0.0004242,2024-12-11T19:16:20.697484134-05:00
LTC-USD,118.145,1,ask,118.2,0.00046553,2024-12-11T19:17:21.796924154-05:00
LTC-USD,118.335,1,ask,118.39,0.00046478,2024-12-11T19:18:22.607738065-05:00
LTC-USD,118.23,1,ask,118.29,0.00050749,2024-12-11T19:19:23.451027548-05:00
LTC-USD,118.275,1,ask,118.36,0.00071866,2024-12-11T19:20:24.29706516-05:00
LTC-USD,118.23,1,ask,118.27,0.00033832,2024-12-11T19:21:25.110593981-05:00
LTC-USD,118.04,1,ask,118.08,0.00033887,2024-12-11T19:22:25.916929507-05:00
LTC-USD,118.1,1,ask,118.15,0.00042337,2024-12-11T19:23:26.746251848-05:00
LTC-USD,117.905,1,ask,117.95,0.00038166,2024-12-11T19:24:27.602981584-05:00
LTC-USD,117.91,1,ask,117.96,0.00042405,2024-12-11T19:25:28.423801071-05:00
LTC-USD,118.035,1,ask,118.09,0.00046596,2024-12-11T19:26:29.260275194-05:00
LTC-USD,117.825,1,ask,117.86,0.00029705,2024-12-11T19:27:30.116818997-05:00
LTC-USD,117.505,1,ask,117.56,0.00046807,2024-12-11T19:28:31.000328441-05:00
LTC-USD,117.37,1,ask,117.41,0.0003408,2024-12-11T19:29:31.869361476-05:00
LTC-USD,117.665,1,ask,117.71,0.00038244,2024-12-11T19:30:32.698505781-05:00
LTC-USD,117.735,1,ask,117.8,0.00055209,2024-12-11T19:31:33.495332599-05:00
LTC-USD,118.02,1,ask,118.07,0.00042366,2024-12-11T19:32:34.27830296-05:00
LTC-USD,117.98,1,ask,118.03,0.0004238,2024-12-11T19:33:36.102300916-05:00
